studentId,class
1,8I
2,7Y
3,12S
4,8Y
5,3Q
6,8F
7,12G
8,6L
9,1W
10,1G
11,4D
12,10R
13,10D
14,5K
15,10K
16,1B
17,1K
18,6M
19,8L
20,8V
21,11N
22,6U
23,9Y
24,12U
25,9Z
26,6T
27,2Z
28,10C
29,5K
30,6L
31,11Y
32,7Q
33,9G
34,6D
35,5D
36,12P
37,12A
38,1P
39,10D
40,6F
41,7A
42,4O
43,1C
44,6H
45,2N
46,9I
47,1Y
48,12L
49,5J
50,8H
51,11W
52,7Q
53,8W
54,12T
55,8D
56,7P
57,9C
58,3A
59,11Z
60,11S
61,8N
62,3C
63,2K
64,6L
65,8I
66,6Y
67,9S
68,10Z
69,9O
70,2C
71,3Y
72,2E
73,9B
74,5T
75,7X
76,1U
77,6W
78,3R
79,4P
80,7B
81,7J
82,12S
83,7G
84,2U
85,10X
86,7P
87,4A
88,2J
89,11L
90,1D
91,6U
92,7S
93,2U
94,8N
95,9R
96,9O
97,6V
98,1E
99,12C
100,7N
101,10S
102,8O
103,6Q
104,4B
105,12J
106,12J
107,3N
108,11H
109,11X
110,2Y
111,1T
112,2M
113,4F
114,7O
115,8R
116,8T
117,1N
118,10J
119,6D
120,5A
121,9H
122,4L
123,7K
124,10D
125,7Y
126,5W
127,1C
128,6C
129,12J
130,9N
131,1E
132,7U
133,5M
134,5U
135,12W
136,9V
137,5R
138,11B
139,6G
140,6R
141,12S
142,4O
143,9X
144,3V
145,10F
146,12I
147,1R
148,1D
149,3Z
150,5B
151,8F
152,2I
153,11E
154,6D
155,7Q
156,6H
157,5Y
158,7K
159,5J
160,4W
161,6T
162,5T
163,2E
164,8W
165,4C
166,3I
167,2E
168,11W
169,12K
170,10D
171,12G
172,8C
173,4P
174,11D
175,8I
176,2L
177,8O
178,2V
179,4E
180,5V
181,1Z
182,6Y
183,2M
184,7T
185,8Y
186,7D
187,2V
188,5V
189,11B
190,11A
191,6B
192,11X
193,10O
194,8G
195,9T
196,12J
197,4L
198,8W
199,10G
200,10Z
201,8F
202,10X
203,5Q
204,4W
205,5J
206,9B
207,7Q
208,4X
209,2L
210,12V
211,8Y
212,9O
213,2D
214,3N
215,4O
216,10T
217,3M
218,3T
219,3V
220,11S
221,2Y
222,10P
223,12M
224,3M
225,9T
226,10P
227,6Y
228,12P
229,6G
230,2H
231,12J
232,8Z
233,2D
234,9O
235,11S
236,4C
237,6X
238,10W
239,7V
240,4G
241,6K
242,3A
243,10P
244,6N
245,5T
246,5S
247,2S
248,10G
249,11I
250,9Q
251,1V
252,4M
253,10U
254,9V
255,11C
256,3H
257,3U
258,3O
259,3I
260,1Y
261,2V
262,9O
263,7P
264,1Q
265,10L
266,6Q
267,5Y
268,10Q
269,9X
270,10C
271,5L
272,8R
273,6C
274,1H
275,9Q
276,10S
277,1W
278,12I
279,8R
280,8K
281,9V
282,4J
283,7M
284,5G
285,10J
286,1X
287,12F
288,8O
289,10O
290,6H
291,5M
292,12Y
293,4T
294,12J
295,10N
296,7P
297,11H
298,2N
299,3O
300,12R
301,5Z
302,6K
303,3U
304,11W
305,3Z
306,1U
307,1P
308,5A
309,2G
310,8R
311,3T
312,11W
313,4G
314,10I
315,3N
316,10H
317,2B
318,6T
319,10G
320,8Y
321,1H
322,2R
323,6X
324,11M
325,7E
326,6W
327,10E
328,3C
329,5E
330,7B
331,10E
332,6G
333,9L
334,4I
335,1Q
336,7K
337,3C
338,5O
339,11V
340,12L
341,3C
342,8C
343,8R
344,12L
345,1C
346,3S
347,7R
348,7R
349,7E
350,12B
351,2Q
352,1A
353,8D
354,9X
355,1K
356,8N
357,4U
358,12E
359,1U
360,6W
361,7L
362,6M
363,12A
364,9A
365,6N
366,8P
367,5T
368,5J
369,7E
370,10A
371,8V
372,11F
373,9G
374,10I
375,9Y
376,6H
377,11Y
378,3J
379,5M
380,5H
381,8M
382,11T
383,10G
384,7U
385,6Q
386,7R
387,1F
388,8J
389,11U
390,9K
391,9S
392,12P
393,12O
394,3Q
395,6E
396,8O
397,6C
398,1L
399,6H
400,12P
401,12A
402,7R
403,6P
404,9Q
405,3Y
406,2N
407,3E
408,10Z
409,10Z
410,4J
411,5O
412,9K
413,10D
414,6L
415,9S
416,7N
417,7Q
418,3K
419,3W
420,11U
421,4S
422,4M
423,9M
424,8U
425,1P
426,1C
427,1B
428,9V
429,9C
430,7Y
431,9V
432,8C
433,10L
434,2S
435,2C
436,1J
437,2P
438,8H
439,9O
440,1U
441,7L
442,8A
443,11N
444,11G
445,1N
446,7V
447,3W
448,11A
449,2S
450,4C
451,6Y
452,3R
453,6D
454,6O
455,8I
456,1R
457,2M
458,8Z
459,9D
460,6I
461,11P
462,7H
463,6A
464,2Z
465,11N
466,1P
467,6E
468,5H
469,5S
470,9I
471,2Z
472,1L
473,9Z
474,2Z
475,4N
476,6F
477,2I
478,8O
479,5O
480,8L
481,2O
482,3P
483,1D
484,3E
485,12N
486,7J
487,9F
488,6H
489,8J
490,12W
491,12N
492,5F
493,8G
494,10I
495,7X
496,3W
497,8O
498,9A
499,7Y
500,1Y
501,7G
502,7S
503,10L
504,5N
505,10G
506,12N
507,11M
508,4C
509,2B
510,4G
511,10E
512,2B
513,12V
514,9D
515,4O
516,7L
517,7M
518,6T
519,4D
520,10N
521,12M
522,6M
523,8V
524,7L
525,5M
526,3Z
527,11Q
528,3C
529,5U
530,1P
531,2T
532,3G
533,12U
534,2A
535,2V
536,2J
537,4U
538,7O
539,3U
540,11U
541,6P
542,11L
543,2M
544,10R
545,12I
546,5N
547,1A
548,2O
549,12Y
550,1P
551,3K
552,11E
553,12Y
554,5S
555,12M
556,6C
557,6Z
558,2B
559,9S
560,9A
561,5F
562,8H
563,9D
564,9H
565,8J
566,8F
567,2L
568,5U
569,12C
570,8V
571,3R
572,10X
573,3G
574,9G
575,12R
576,7P
577,3L
578,3D
579,9Y
580,2W
581,1L
582,12I
583,12T
584,4L
585,5T
586,6O
587,9P
588,9X
589,10D
590,1J
591,5R
592,2Y
593,3N
594,7K
595,7F
596,11N
597,10X
598,8H
599,2U
600,6X
601,1I
602,11W
603,11M
604,7A
605,5O
606,9P
607,5O
608,7S
609,5A
610,3T
611,7O
612,7W
613,1N
614,8D
615,8T
616,4L
617,9T
618,12L
619,7B
620,8D
621,11G
622,2H
623,9Z
624,1S
625,10I
626,5O
627,5J
628,4R
629,2H
630,6U
631,11X
632,7V
633,4D
634,10E
635,6I
636,8S
637,9Q
638,7K
639,1H
640,12H
641,12F
642,11Q
643,3L
644,7T
645,9J
646,12J
647,2C
648,10R
649,2Z
650,11Z
651,4S
652,11L
653,5W
654,12W
655,11E
656,10C
657,5I
658,11P
659,11T
660,12O
661,5P
662,6E
663,2J
664,10A
665,11V
666,4Z
667,9P
668,10U
669,2Z
670,2E
671,6A
672,12U
673,5Z
674,12O
675,5G
676,2L
677,11D
678,11X
679,7Q
680,9F
681,12U
682,5Q
683,9V
684,4U
685,10X
686,2K
687,4K
688,5S
689,2C
690,9R
691,4F
692,3G
693,8S
694,10S
695,3T
696,9F
697,10F
698,7Y
699,2G
700,2W
701,4S
702,5J
703,9Z
704,9A
705,4A
706,11R
707,9Y
708,12F
709,7W
710,3Q
711,5L
712,7F
713,7X
714,8S
715,9R
716,4N
717,4E
718,9X
719,9B
720,5U
721,6J
722,7R
723,4L
724,4Z
725,11M
726,5K
727,1L
728,4X
729,12V
730,1C
731,11B
732,11S
733,7E
734,8A
735,3L
736,8A
737,2G
738,11R
739,2U
740,3H
741,2I
742,8F
743,3R
744,2E
745,1P
746,4T
747,10R
748,1Y
749,9K
750,3A
751,1A
752,12T
753,6P
754,6B
755,3H
756,3D
757,11V
758,5N
759,6E
760,12L
761,11F
762,11O
763,8F
764,11Q
765,7P
766,11Q
767,4P
768,2B
769,12T
770,3B
771,10W
772,10Q
773,3X
774,4W
775,5Y
776,12W
777,5O
778,5L
779,8Y
780,5D
781,4J
782,8U
783,7B
784,3J
785,3X
786,1K
787,4C
788,12G
789,10O
790,3G
791,8P
792,10Z
793,5V
794,1K
795,11M
796,8V
797,1F
798,9N
799,8X
800,11O
801,10Y
802,12D
803,10Q
804,9Y
805,8M
806,2E
807,12R
808,12Z
809,5G
810,6R
811,1M
812,4X
813,11G
814,8P
815,5D
816,9Y
817,6C
818,3W
819,10M
820,1N
821,2M
822,4X
823,6X
824,3C
825,12T
826,11E
827,11F
828,11A
829,12X
830,11R
831,11K
832,5N
833,1O
834,5O
835,11P
836,3C
837,4E
838,3S
839,4O
840,5L
841,5Z
842,1G
843,11Y
844,4S
845,8K
846,7J
847,11Z
848,12Y
849,7N
850,4F
851,3N
852,9X
853,10X
854,4X
855,4I
856,2Q
857,5B
858,5E
859,3P
860,4I
861,8R
862,4A
863,12W
864,11D
865,6F
866,10C
867,8H
868,2I
869,8E
870,9P
871,10R
872,9U
873,3N
874,11O
875,7I
876,2M
877,9L
878,1I
879,2Q
880,2G
881,9E
882,10E
883,4B
884,6Z
885,11E
886,4R
887,1Z
888,10J
889,11W
890,5K
891,6Z
892,6Z
893,1K
894,9T
895,1I
896,5Q
897,1D
898,8I
899,9Z
900,3Z
901,3P
902,10J
903,12K
904,5O
905,7W
906,7F
907,8D
908,1Z
909,5P
910,11U
911,7G
912,7T
913,3A
914,10V
915,6V
916,7N
917,3I
918,4I
919,2P
920,11W
921,8P
922,4V
923,7O
924,3Y
925,9U
926,9X
927,10F
928,2S
929,3I
930,10Z
931,3T
932,5P
933,9W
934,12C
935,9Z
936,8W
937,11B
938,8V
939,3L
940,4R
941,2I
942,5U
943,10E
944,9W
945,12T
946,3E
947,4H
948,7Q
949,5L
950,2G
951,9N
952,6F
953,8C
954,3R
955,5Y
956,1Z
957,6W
958,1T
959,12E
960,12K
961,8N
962,8A
963,12Y
964,4E
965,2Z
966,9V
967,2D
968,4N
969,9Z
970,3J
971,7P
972,2H
973,7V
974,6E
975,9O
976,2D
977,4C
978,10A
979,4G
980,7Y
981,8P
982,4B
983,1M
984,3E
985,11V
986,7O
987,7S
988,2P
989,2N
990,10B
991,12P
992,8H
993,6W
994,10Z
995,1R
996,2U
997,6J
998,5C
999,3Y
1000,3H
1001,8J
1002,6V
1003,6O
1004,4J
1005,9C
1006,8A
1007,9C
1008,5R
1009,12W
1010,12V
1011,11P
1012,11Y
1013,5D
1014,8G
1015,7V
1016,1Z
1017,7O
1018,1L
1019,4U
1020,5X
1021,7P
1022,1C
1023,7H
1024,8B
1025,12E
1026,2Q
1027,4Q
1028,9F
1029,8U
1030,1C
1031,9V
1032,8A
1033,1G
1034,4M
1035,5A
1036,1H
1037,2O
1038,3R
1039,12M
1040,4J
1041,3J
1042,5H
1043,9S
1044,7K
1045,1A
1046,8W
1047,12G
1048,8C
1049,10Y
1050,4X
1051,11S
1052,12N
1053,11M
1054,8K
1055,1Q
1056,8T
1057,10G
1058,4R
1059,8I
1060,2S
1061,7P
1062,3X
1063,9J
1064,7Y
1065,6K
1066,9W
1067,6V
1068,7L
1069,12W
1070,9H
1071,10I
1072,12Q
1073,8Y
1074,3Y
1075,9Y
1076,10G
1077,2W
1078,1D
1079,5K
1080,7G
1081,6T
1082,12F
1083,2T
1084,5M
1085,12Z
1086,1V
1087,5P
1088,7O
1089,4D
1090,4T
1091,7H
1092,12R
1093,6T
1094,4J
1095,8M
1096,4J
1097,9J
1098,2Y
1099,9N
1100,4S
1101,2Y
1102,9R
1103,8V
1104,11P
1105,3R
1106,10D
1107,1X
1108,5I
1109,11N
1110,6K
1111,8D
1112,9L
1113,10U
1114,9L
1115,11L
1116,8E
1117,4C
1118,4O
1119,11Y
1120,8K
1121,6P
1122,1F
1123,2R
1124,12L
1125,12B
1126,12B
1127,6F
1128,6F
1129,9A
1130,12V
1131,2K
1132,3P
1133,8O
1134,6A
1135,3Q
1136,5Y
1137,10J
1138,9I
1139,2T
1140,1R
1141,10K
1142,6J
1143,11A
1144,8J
1145,11W
1146,7L
1147,8Z
1148,8P
1149,6M
1150,7D
1151,11M
1152,11W
1153,7A
1154,3I
1155,6D
1156,4X
1157,10U
1158,1M
1159,9B
1160,12S
1161,8X
1162,8C
1163,5B
1164,2Q
1165,1A
1166,5J
1167,1D
1168,4C
1169,7Z
1170,3N
1171,6L
1172,12P
1173,2A
1174,8C
1175,1H
1176,8B
1177,7D
1178,10H
1179,9V
1180,3F
1181,9V
1182,4X
1183,8N
1184,6E
1185,6U
1186,11N
1187,8Y
1188,8O
1189,5D
1190,8C
1191,10C
1192,8P
1193,2F
1194,3D
1195,5Z
1196,6Q
1197,7X
1198,2U
1199,9B
1200,11M
1201,12Y
1202,1W
1203,10G
1204,9X
1205,3D
1206,6H
1207,2M
1208,5Y
1209,1L
1210,6U
1211,5E
1212,8X
1213,11T
1214,12G
1215,4X
1216,4C
1217,6S
1218,5I
1219,1G
1220,10I
1221,4U
1222,9B
1223,11Y
1224,6X
1225,7Q
1226,11O
1227,12E
1228,12W
1229,12B
1230,8T
1231,7T
1232,9N
1233,7K
1234,7C
1235,11L
1236,9H
1237,8T
1238,11I
1239,11F
1240,12L
1241,10Q
1242,3X
1243,6O
1244,1D
1245,1Y
1246,2Y
1247,11B
1248,2Q
1249,7G
1250,12L
1251,4Z
1252,1U
1253,8J
1254,3R
1255,5V
1256,5Y
1257,11Y
1258,10N
1259,12F
1260,11V
1261,12Z
1262,11Q
1263,11L
1264,8N
1265,9G
1266,5Y
1267,6C
1268,4S
1269,12B
1270,10Y
1271,7B
1272,11X
1273,4L
1274,2P
1275,12W
1276,12W
1277,11Q
1278,10E
1279,2Q
1280,8W
1281,6T
1282,10D
1283,1N
1284,10U
1285,4U
1286,11S
1287,10Y
1288,9A
1289,10G
1290,9W
1291,1Q
1292,7Z
1293,4B
1294,11J
1295,12G
1296,12U
1297,7H
1298,12A
1299,8U
1300,5U
1301,2T
1302,8X
1303,5V
1304,9Y
1305,4A
1306,11Z
1307,8G
1308,12O
1309,9Z
1310,3F
1311,9U
1312,11Z
1313,6Q
1314,2D
1315,10Q
1316,11K
1317,11M
1318,11H
1319,1S
1320,1E
1321,9B
1322,4X
1323,4K
1324,5P
1325,8Q
1326,7W
1327,8M
1328,3G
1329,10Z
1330,9M
1331,2K
1332,5M
1333,8S
1334,3J
1335,4S
1336,4Q
1337,4I
1338,3B
1339,9H
1340,4S
1341,9U
1342,12W
1343,12N
1344,1U
1345,6Q
1346,2R
1347,10X
1348,2H
1349,5A
1350,9E
1351,3Q
1352,6T
1353,7P
1354,4W
1355,2Q
1356,11L
1357,10I
1358,10X
1359,3U
1360,8G
1361,12Q
1362,4W
1363,12Z
1364,6C
1365,4M
1366,4J
1367,4Z
1368,12I
1369,2S
1370,6L
1371,8D
1372,6R
1373,8E
1374,10W
1375,4D
1376,1P
1377,11P
1378,3V
1379,5L
1380,7D
1381,6L
1382,9C
1383,8Z
1384,10G
1385,5N
1386,11Y
1387,11W
1388,1H
1389,2K
1390,2J
1391,4P
1392,1N
1393,1N
1394,10O
1395,8R
1396,10V
1397,11X
1398,5D
1399,4G
1400,10C
1401,1Y
1402,3C
1403,7F
1404,1X
1405,5S
1406,8L
1407,6G
1408,4K
1409,4K
1410,9N
1411,12U
1412,3C
1413,2E
1414,7U
1415,11N
1416,7W
1417,5W
1418,3A
1419,12A
1420,8Q
1421,10F
1422,12Z
1423,4B
1424,9N
1425,5B
1426,11N
1427,10H
1428,3X
1429,9L
1430,1X
1431,2O
1432,4S
1433,8W
1434,6A
1435,7U
1436,7I
1437,3C
1438,5J
1439,6J
1440,6K
1441,6V
1442,10U
1443,10J
1444,10M
1445,7Y
1446,11K
1447,6C
1448,10K
1449,11H
1450,12I
1451,10C
1452,1I
1453,12P
1454,10H
1455,1O
1456,10J
1457,8E
1458,10M
1459,7N
1460,1K
1461,1M
1462,1M
1463,3E
1464,2B
1465,2Y
1466,3O
1467,11N
1468,8T
1469,6K
1470,4Q
1471,9C
1472,12M
1473,8A
1474,10H
1475,4F
1476,1W
1477,10L
1478,3C
1479,6G
1480,5W
1481,1P
1482,1S
1483,4T
1484,9U
1485,6Q
1486,1B
1487,1C
1488,3J
1489,4P
1490,12G
1491,2V
1492,9D
1493,3P
1494,6S
1495,4H
1496,3M
1497,7S
1498,9L
1499,11B
1500,3Y
1501,11S
1502,11X
1503,3H
1504,4W
1505,3G
1506,5J
1507,4O
1508,9G
1509,3R
1510,3R
1511,4J
1512,8T
1513,9W
1514,2D
1515,12R
1516,8E
1517,8P
1518,4A
1519,4I
1520,7W
1521,4X
1522,12B
1523,7C
1524,10T
1525,9V
1526,6U
1527,1C
1528,1T
1529,7C
1530,7O
1531,4K
1532,2Q
1533,7B
1534,11X
1535,5K
1536,6I
1537,8S
1538,5H
1539,1L
1540,11Z
1541,10N
1542,2X
1543,2V
1544,2X
1545,6J
1546,10U
1547,11G
1548,8C
1549,11S
1550,10L
1551,7F
1552,12F
1553,4H
1554,6O
1555,2H
1556,6S
1557,5O
1558,1T
1559,1Z
1560,9E
1561,4J
1562,12L
1563,6Y
1564,2F
1565,8Y
1566,1J
1567,12V
1568,5N
1569,3P
1570,2J
1571,7K
1572,10D
1573,7L
1574,1I
1575,9P
1576,7O
1577,1S
1578,3W
1579,4S
1580,9D
1581,1D
1582,2N
1583,9L
1584,9Q
1585,5X
1586,8N
1587,6O
1588,4Y
1589,7K
1590,2Q
1591,8N
1592,4M
1593,1C
1594,6X
1595,4F
1596,2E
1597,12M
1598,3J
1599,1E
1600,4E
1601,10K
1602,11L
1603,8Q
1604,8O
1605,1K
1606,2L
1607,7V
1608,12J
1609,7O
1610,8M
1611,11R
1612,3B
1613,12Y
1614,4A
1615,6E
1616,11X
1617,6E
1618,1A
1619,11Q
1620,1P
1621,8L
1622,7O
1623,8F
1624,12G
1625,12M
1626,7U
1627,12J
1628,7Q
1629,6K
1630,4L
1631,5C
1632,12I
1633,7M
1634,5Q
1635,7A
1636,12V
1637,7X
1638,11Z
1639,10O
1640,1U
1641,9G
1642,9C
1643,8J
1644,8C
1645,7H
1646,7X
1647,1K
1648,12M
1649,7R
1650,6G
1651,8C
1652,8I
1653,4F
1654,12N
1655,5Z
1656,5X
1657,6X
1658,4T
1659,6C
1660,4O
1661,1W
1662,12F
1663,12N
1664,1V
1665,11M
1666,8Q
1667,1A
1668,12V
1669,3X
1670,3D
1671,1I
1672,1F
1673,1R
1674,12G
1675,6M
1676,4H
1677,4N
1678,12J
1679,1O
1680,3X
1681,12K
1682,7Z
1683,3J
1684,8E
1685,6U
1686,1W
1687,3X
1688,10P
1689,11L
1690,9H
1691,5H
1692,12I
1693,12T
1694,1K
1695,10S
1696,6Z
1697,3W
1698,6F
1699,1D
1700,5D
1701,7A
1702,8H
1703,12L
1704,9G
1705,5W
1706,3I
1707,1T
1708,10R
1709,12I
1710,12V
1711,9S
1712,6F
1713,4Q
1714,9W
1715,10F
1716,4V
1717,11R
1718,7W
1719,3L
1720,6H
1721,1Z
1722,1B
1723,12Q
1724,11Q
1725,7D
1726,3A
1727,10P
1728,4R
1729,12W
1730,4B
1731,6I
1732,12U
1733,2L
1734,5F
1735,7D
1736,9H
1737,7U
1738,2S
1739,3H
1740,10H
1741,1A
1742,12P
1743,4P
1744,5B
1745,11R
1746,2U
1747,11I
1748,9G
1749,11J
1750,10T
1751,9R
1752,7C
1753,7V
1754,10U
1755,6P
1756,4M
1757,12F
1758,3K
1759,9N
1760,3N
1761,4C
1762,6H
1763,11W
1764,5Z
1765,3R
1766,9T
1767,10P
1768,4X
1769,8T
1770,12B
1771,10T
1772,2P
1773,1D
1774,2F
1775,5T
1776,2L
1777,9E
1778,4I
1779,10P
1780,11K
1781,6D
1782,5Y
1783,8A
1784,1M
1785,8W
1786,9I
1787,2B
1788,6G
1789,9Z
1790,12N
1791,6B
1792,2C
1793,10G
1794,4Y
1795,7E
1796,5Q
1797,9M
1798,4A
1799,4I
1800,2N
1801,5L
1802,9E
1803,3B
1804,10S
1805,4X
1806,9T
1807,1I
1808,4P
1809,8A
1810,11X
1811,8T
1812,9Z
1813,11H
1814,11A
1815,9Y
1816,7C
1817,5N
1818,9G
1819,5D
1820,2C
1821,7G
1822,12J
1823,5B
1824,9I
1825,8K
1826,6E
1827,4U
1828,4Y
1829,4P
1830,1J
1831,8S
1832,8D
1833,3W
1834,9Z
1835,3T
1836,5V
1837,10U
1838,1O
1839,12D
1840,6T
1841,9V
1842,4G
1843,4B
1844,3M
1845,2A
1846,6N
1847,4V
1848,3G
1849,12H
1850,3W
1851,7Y
1852,11O
1853,11A
1854,2P
1855,10C
1856,8I
1857,11R
1858,12P
1859,4X
1860,12A
1861,5D
1862,2G
1863,1Y
1864,6Q
1865,2C
1866,6C
1867,4L
1868,12S
1869,3N
1870,1X
1871,6T
1872,5K
1873,10D
1874,6L
1875,9T
1876,1X
1877,2Z
1878,6Z
1879,4T
1880,9R
1881,10V
1882,10P
1883,6X
1884,4J
1885,10P
1886,5P
1887,12G
1888,9L
1889,11Q
1890,4S
1891,12D
1892,7A
1893,1M
1894,9S
1895,3O
1896,2V
1897,6L
1898,1C
1899,10X
1900,8V
1901,8F
1902,10R
1903,6L
1904,5G
1905,3O
1906,9W
1907,9L
1908,11X
1909,6A
1910,1I
1911,12L
1912,5I
1913,10V
1914,11V
1915,7S
1916,6B
1917,7E
1918,4G
1919,2B
1920,12W
1921,4Q
1922,9E
1923,12C
1924,2E
1925,6G
1926,4A
1927,9R
1928,10B
1929,6L
1930,1K
1931,4B
1932,3V
1933,1E
1934,3S
1935,5P
1936,10B
1937,8J
1938,3P
1939,9E
1940,9O
1941,7H
1942,2L
1943,10L
1944,12K
1945,8T
1946,12W
1947,12T
1948,1I
1949,1I
1950,2A
1951,11F
1952,11U
1953,2W
1954,1G
1955,11X
1956,7W
1957,5F
1958,9G
1959,9Q
1960,12P
1961,10D
1962,7H
1963,2N
1964,9O
1965,11L
1966,6X
1967,4R
1968,2G
1969,2V
1970,3W
1971,6D
1972,9V
1973,11W
1974,6G
1975,9F
1976,8W
1977,6Z
1978,1P
1979,3A
1980,7S
1981,4X
1982,6K
1983,10P
1984,4Z
1985,4C
1986,5D
1987,12A
1988,1D
1989,5R
1990,1J
1991,10I
1992,6Q
1993,12V
1994,12L
1995,11G
1996,4E
1997,1O
1998,7E
1999,11O
2000,6P