symbol,value
—,0
›,1
™,2
š,3
Ÿ,4
„,5
—,6
™,7
“,8
“,9
…,10
Ÿ,11
Ÿ,12
Ÿ,13
‰,14
”,15
ƒ,16
ƒ,17
Ÿ,18
…,19
•,20
š,21
€,22
–,23
’,24
Š,25
—,26
œ,27
…,28
ž,29
€,30
—,31
Ÿ,32
‘,33
ˆ,34
“,35
ˆ,36
„,37
†,38
ƒ,39
ˆ,40
›,41
›,42
‘,43
ž,44
ˆ,45
Ž,46
‡,47
˜,48
‚,49
Ž,50
‘,51
š,52
ƒ,53
ƒ,54
ƒ,55
‹,56
Š,57
‚,58
›,59
Ÿ,60
’,61
š,62
•,63
Ž,64
’,65
‡,66
œ,67
ƒ,68
”,69
†,70
˜,71
ˆ,72
š,73
Ÿ,74
”,75
›,76
ƒ,77
—,78
“,79
“,80
œ,81
ž,82
€,83
–,84
ž,85
…,86
–,87
‹,88
„,89
†,90
„,91
Ÿ,92
—,93
†,94
‘,95
Ž,96
‚,97
œ,98
‡,99
œ,100
š,101
†,102
˜,103
™,104
€,105
•,106
€,107
“,108
—,109
“,110
ž,111
Ž,112
†,113
—,114
›,115
‡,116
ˆ,117
‡,118
”,119
…,120
›,121
™,122
•,123
‡,124
œ,125
Œ,126
•,127
–,128
‹,129
‘,130
œ,131
€,132
”,133
…,134
“,135
›,136
‹,137
™,138
‹,139
‚,140
„,141
Ž,142
’,143
‚,144
ž,145
•,146
Š,147
‚,148
‹,149
Š,150
˜,151
›,152
œ,153
’,154
›,155
š,156
ž,157
€,158
ƒ,159
š,160
Ÿ,161
˜,162
Ÿ,163
“,164
š,165
›,166
–,167
›,168
‹,169
…,170
Ÿ,171
Š,172
œ,173
œ,174
Š,175
€,176
‹,177
…,178
Ž,179
“,180
’,181
‚,182
“,183
™,184
–,185
”,186
˜,187
†,188
š,189
‹,190
ˆ,191
›,192
”,193
‡,194
Ž,195
ƒ,196
‡,197
™,198
—,199
œ,200
–,201
†,202
™,203
›,204
œ,205
™,206
‰,207
Ÿ,208
Š,209
Ÿ,210
ž,211
ž,212
‘,213
Š,214
…,215
ˆ,216
œ,217
–,218
’,219
Ž,220
‡,221
“,222
’,223
ƒ,224
‚,225
›,226
”,227
‘,228
‰,229
‹,230
ƒ,231
€,232
”,233
–,234
‰,235
’,236
ˆ,237
‡,238
ƒ,239
‹,240
ƒ,241
ƒ,242
†,243
–,244
œ,245
‘,246
–,247
†,248
€,249
›,250
Š,251
„,252
“,253
„,254
“,255
†,256
š,257
—,258
ˆ,259
š,260
’,261
‰,262
Ž,263
œ,264
ž,265
”,266
Ÿ,267
Ž,268
Š,269
“,270
‚,271
Ž,272
ƒ,273
“,274
„,275
€,276
Ž,277
’,278
Ÿ,279
˜,280
›,281
ž,282
‘,283
ž,284
•,285
…,286
‚,287
Ÿ,288
„,289
‘,290
ž,291
„,292
—,293
•,294
‘,295
„,296
…,297
‰,298
„,299
–,300
’,301
ž,302
„,303
œ,304
€,305
ž,306
†,307
€,308
ˆ,309
Ÿ,310
‰,311
•,312
—,313
œ,314
’,315
Ž,316
ƒ,317
š,318
›,319
ž,320
•,321
„,322
‚,323
—,324
‹,325
‡,326
›,327
š,328
ž,329
…,330
—,331
š,332
‚,333
‹,334
ƒ,335
†,336
’,337
˜,338
Š,339
–,340
„,341
–,342
‡,343
‰,344
Ÿ,345
€,346
†,347
€,348
ž,349
Ž,350
Š,351
€,352
€,353
š,354
œ,355
˜,356
ˆ,357
ƒ,358
†,359
Ÿ,360
‰,361
Ž,362
–,363
‰,364
”,365
Š,366
’,367
‰,368
•,369
•,370
‹,371
„,372
Ž,373
Š,374
Ÿ,375
…,376
ž,377
‰,378
Ž,379
…,380
‡,381
œ,382
‡,383
‚,384
™,385
–,386
Š,387
š,388
ƒ,389
ƒ,390
‘,391
–,392
‹,393
‘,394
†,395
ˆ,396
–,397
›,398
Ž,399
•,400
†,401
Œ,402
“,403
‚,404
‰,405
’,406
Œ,407
ƒ,408
•,409
“,410
‚,411
Œ,412
’,413
Ÿ,414
‚,415
‰,416
“,417
™,418
Ÿ,419
Ÿ,420
™,421
‰,422
‰,423
‡,424
Ž,425
ˆ,426
‰,427
‚,428
›,429
ž,430
“,431
€,432
ƒ,433
ž,434
—,435
…,436
’,437
‰,438
‘,439
œ,440
•,441
ž,442
‚,443
Ÿ,444
Œ,445
”,446
œ,447
‘,448
”,449
“,450
ˆ,451
’,452
–,453
‰,454
‰,455
’,456
™,457
‘,458
„,459
›,460
”,461
Ž,462
…,463
œ,464
˜,465
€,466
†,467
…,468
‘,469
˜,470
Œ,471
–,472
Ž,473
…,474
‰,475
„,476
‚,477
ƒ,478
‚,479
ž,480
–,481
ƒ,482
Ÿ,483
ƒ,484
Š,485
”,486
˜,487
‚,488
™,489
Š,490
Ÿ,491
™,492
œ,493
†,494
‹,495
†,496
”,497
‘,498
€,499